id,age,height,eye_color,hair_color,gender,plate_number,car_make,car_model
100280,72,57,brown,red,male,P24L4U,Acura,MDX
100460,63,72,brown,brown,female,XF02T6,Cadillac,SRX
101029,62,74,green,green,female,VKY5KR,Scion,xB
101198,43,54,amber,brown,female,Y5NZ08,Nissan,Rogue
101255,18,79,blue,grey,female,5162Z1,Lexus,GS
101494,48,55,blue,red,female,81X1N7,Kia,Sportage
101568,53,78,brown,blue,male,SJ57LL,Saab,09-May
101586,57,70,amber,brown,male,31U1KE,Jaguar,XK
101611,40,65,blue,white,female,5O8VW7,GMC,Sierra Denali
101613,81,58,brown,grey,female,5PCQB5,GMC,Sierra 2500
101640,87,67,amber,black,male,3U18J6,Volvo,S60
101726,78,81,blue,blue,female,236T17,Oldsmobile,Intrigue
101773,55,57,amber,black,female,VK5SOO,Chevrolet,Express 1500
101782,57,61,amber,green,female,0LX0QI,Toyota,Matrix
101836,56,51,blue,grey,female,3VSG76,Hyundai,Azera
101859,31,71,blue,blonde,female,02B7L4,Nissan,Pathfinder
101862,26,75,green,blonde,male,LQ23Y5,Nissan,350Z
101909,84,52,amber,brown,male,5Y633C,Ford,E-Series
102089,75,52,blue,blonde,female,2QL48Q,GMC,Savana 3500
102182,66,63,green,white,male,JI6481,Saturn,S-Series
102307,28,74,black,green,female,30A1X3,Dodge,Ram Van 3500
102355,29,67,blue,blonde,male,7K625Q,Ford,F350
102536,21,76,blue,blonde,male,3DG322,Suzuki,Grand Vitara
102648,63,70,black,blue,female,JHB3F7,Buick,LaCrosse
102710,31,63,black,blonde,female,0UNSTD,Buick,Regal
102844,30,62,blue,blue,male,471TX3,Chevrolet,Trailblazer
102926,72,60,blue,blue,female,4635J3,GMC,Savana 1500
102950,56,78,brown,red,male,4BR8A0,Honda,Insight
103085,59,70,blue,white,male,710NU4,Oldsmobile,Cutlass
103138,37,65,brown,blonde,male,T6TV0T,Ford,Focus
103194,85,65,blue,grey,female,7UGA13,Dodge,Ram Van 2500
103197,38,73,amber,red,female,273D0J,Saab,9-7X
103243,59,69,brown,black,female,037O14,Isuzu,VehiCROSS
103260,22,59,brown,blonde,female,G67F83,Ford,E250
103417,63,54,amber,white,male,12LBWW,Ford,F-Series Super Duty
103443,60,80,black,black,female,OD5TS3,Toyota,Corolla
103725,40,57,black,green,female,81WZ22,Land Rover,Freelander
103838,46,81,black,blue,female,5SACV2,Mercedes-Benz,S-Class
103928,65,51,brown,white,male,ASEZO5,Dodge,Charger
103936,55,82,blue,green,male,783S4E,Dodge,Ram 3500
104476,31,69,brown,black,female,625W28,GMC,Envoy
104652,72,62,blue,black,male,F34W76,Ford,E-Series
104688,89,77,black,green,male,73SD5X,Cadillac,SRX
104732,47,68,black,blonde,female,FHX41Z,Volvo,XC90
104786,63,70,blue,black,male,PA1H7K,Land Rover,Discovery
104883,79,55,brown,green,male,E68Y06,Acura,TSX
105064,20,53,black,blue,male,25UO1B,Mercedes-Benz,SL-Class
105188,48,80,blue,black,male,R4Z3OC,Land Rover,Range Rover Sport
105435,45,57,black,green,male,Q54862,Mitsubishi,Montero
105508,26,71,green,white,female,H73WE4,GMC,Sierra 2500
105678,27,76,brown,black,female,ASNL05,Oldsmobile,Silhouette
106226,49,70,amber,blonde,female,2P1B3P,Mazda,Mazdaspeed 3
106354,61,60,amber,grey,female,7P62RU,BMW,760
106868,58,73,black,red,male,YF2710,Jeep,Grand Cherokee
106882,70,71,green,white,male,0764T6,Chevrolet,Suburban 1500
106921,26,78,black,white,female,75YNFS,Volvo,V70
107014,70,71,amber,white,female,FSV573,Mercedes-Benz,C-Class
107093,70,57,green,green,female,8PRB12,Jeep,Liberty
107129,83,52,brown,white,female,N823IP,Nissan,Armada
107131,78,80,black,brown,female,4UJ023,Lincoln,Navigator
107220,55,55,black,blonde,male,H4I61Q,Nissan,Murano
107354,53,63,green,blonde,female,KUWT83,Volkswagen,Cabriolet
107435,24,74,green,red,female,57JV7G,Jeep,Grand Cherokee
107707,56,51,green,red,male,ZBWC42,Land Rover,Discovery Series II
107867,48,50,amber,blue,male,FK47DF,Chevrolet,Monte Carlo
107985,29,57,black,green,male,QQP4HL,Mazda,CX-9
108077,26,69,brown,brown,female,LXD1AM,Mercedes-Benz,M-Class
108108,73,74,green,blonde,female,OCPULI,Lincoln,Navigator
108175,61,68,green,red,male,4F3V1X,Buick,LaCrosse
108374,18,63,brown,red,male,X2KE6N,Ford,Escape
108596,52,52,green,white,male,6UK727,Dodge,Dakota
108832,41,81,green,blue,male,F4B836,Mitsubishi,Pajero
108978,70,56,brown,grey,female,OR1UPR,Volkswagen,Rabbit
109032,82,70,green,black,female,IGTN21,Suzuki,XL-7
109100,70,64,amber,blue,male,8MRTMS,Chevrolet,Cavalier
109238,35,76,brown,brown,female,O771Z2,Ford,F150
109249,47,62,blue,grey,male,6D4J60,Subaru,Forester
109317,62,59,amber,blonde,male,EWP01K,Saturn,Aura
109497,82,59,green,green,female,X0GHB7,Mercedes-Benz,R-Class
109596,30,75,brown,red,female,861GR4,Ford,Thunderbird
109604,65,68,brown,brown,female,7TXPT3,Jeep,Cherokee
109617,19,76,green,blue,male,UO2B77,Infiniti,G
109638,70,51,blue,brown,male,8S5B85,Chevrolet,Silverado 2500
109904,67,62,green,black,male,PCS055,Chevrolet,Tahoe
109981,43,78,brown,green,female,K656GJ,BMW,Z8
110018,57,64,brown,grey,female,MN25TF,Volkswagen,CC
110047,54,82,amber,blue,male,U22R1T,BMW,5 Series
110139,55,50,brown,white,male,70JL7C,Chrysler,300M
110356,86,71,green,blue,male,5Q7V33,Ford,Excursion
110373,52,62,green,green,male,636327,Chevrolet,Silverado
110484,85,59,green,brown,male,8AB31Y,Chevrolet,Colorado
110511,73,65,green,brown,female,8WDO80,GMC,Yukon XL 2500
110604,65,59,green,brown,male,848VJ0,Ford,E-Series
110749,51,50,black,green,female,A664H1,Oldsmobile,88
110759,29,71,black,red,female,3YDGV4,Dodge,Ram 1500
110825,86,55,green,blonde,female,GUFLG5,Ford,F-Series
110833,25,81,brown,blue,male,80123A,GMC,Sierra 1500
110956,38,57,green,green,female,115N78,Oldsmobile,Aurora
110991,25,59,amber,black,male,75Q187,Chevrolet,Classic
111120,79,66,amber,white,female,R272NI,Aston Martin,DBS
111327,47,69,amber,blue,male,2SV878,Land Rover,LR3
111403,31,66,amber,black,male,UW56PM,Jeep,Compass
111509,64,53,blue,green,female,VRK7Z5,Acura,NSX
111615,36,68,black,blue,female,44CN3P,Lexus,IS F
111884,56,62,green,black,male,3W80EN,Acura,TL
111888,49,68,black,brown,female,88I414,Lexus,IS
112066,25,81,green,grey,female,EJO17B,Ford,E150
112137,24,62,brown,red,female,42RZ0E,Ford,Escape
112200,28,70,green,blonde,male,22N2E2,Mercedes-Benz,SL-Class
112201,18,57,green,green,male,HW66XJ,BMW,325
112330,25,58,green,grey,female,0V8GQ2,Maserati,GranTurismo
112384,35,80,blue,black,male,4430DO,Cadillac,DTS
112429,19,54,black,brown,male,55T43B,Lamborghini,Murciélago
112505,52,51,blue,red,female,22QZIQ,Lincoln,MKZ
112548,76,64,amber,blonde,female,Q87DM7,Acura,MDX
112654,36,75,blue,green,male,V17BS7,Dodge,Ram 2500
112711,50,78,green,grey,female,V515U4,BMW,X6
112742,49,62,brown,grey,male,7ZY11O,Pontiac,Grand Prix
112927,62,68,green,black,male,2X1CB7,Mitsubishi,Montero
112994,36,62,amber,black,male,12W3JK,Dodge,Ram
113123,50,82,blue,grey,female,Y42MNZ,Land Rover,Discovery
113238,85,70,black,grey,male,73A13Z,Ford,Fusion
113356,43,63,green,blue,female,Z77577,Audi,A4
113486,82,58,green,red,female,02G281,Infiniti,I
113523,37,74,amber,black,female,5352M7,Mazda,Tribute
113566,77,64,brown,brown,male,2AGKD3,Audi,A6
113871,57,67,blue,white,female,VD14AH,Volkswagen,Passat
113884,31,66,brown,green,male,RAI837,Chevrolet,Silverado 1500
114034,80,62,black,grey,female,HM7LX4,Acura,TL
114530,47,76,black,white,male,OB3DC0,Volvo,C30
114723,69,57,amber,red,female,1F883V,HUMMER,H3
114759,79,58,black,blonde,female,650313,Infiniti,G
114768,54,78,black,blonde,female,BDTDJO,GMC,EV1
114786,89,71,brown,blonde,female,W8P22N,Ford,Crown Victoria
114929,50,50,black,blonde,female,YU3ZO5,Nissan,Frontier
115180,83,53,amber,red,male,R202IE,Pontiac,GTO
115428,27,72,blue,white,female,06QUKG,Volkswagen,Passat
115654,60,61,brown,green,male,N8767C,Cadillac,Catera
115674,18,74,blue,blue,female,2OGQIP,Mitsubishi,Diamante
115676,64,66,brown,brown,female,704OKD,Mitsubishi,Galant
115800,28,67,blue,blue,female,OH0K4J,BMW,3 Series
116042,31,63,brown,blonde,male,3SN32F,Kia,Sephia
116043,46,60,green,green,female,PZUU02,Chevrolet,Colorado
116072,81,54,brown,white,male,2P17G6,Ford,F250
116201,25,81,blue,blonde,female,7178Y3,Volkswagen,New Beetle
116339,63,56,blue,blonde,female,G8303R,Kia,Amanti
116342,57,59,black,black,female,567V0T,Acura,TSX
116374,59,71,amber,brown,female,Y0U2TM,Dodge,Ram
116393,57,79,amber,red,female,2512O1,Chevrolet,Astro
116530,88,57,green,grey,male,3AKC6F,Volvo,V70
116681,28,74,brown,red,female,7QEFN8,BMW,745
116863,40,63,black,black,female,1ZSI8C,Audi,A8
116883,23,77,green,blonde,male,Z15461,Honda,Civic
116885,46,71,amber,black,male,WM6IZ4,Pontiac,Bonneville
117138,74,69,amber,green,male,63TQVD,Chevrolet,Express 3500
117185,65,53,black,grey,male,NLF27H,GMC,Yukon
117514,39,52,amber,red,male,IU6H80,Toyota,Camry Hybrid
117539,30,73,brown,grey,male,C57CO2,Jaguar,XJ Series
117568,39,65,black,green,female,3S4T6N,Chevrolet,Colorado
117606,57,72,blue,grey,female,7I37Q1,Toyota,Sequoia
117680,58,78,green,black,male,07L772,Chevrolet,Tahoe
117726,48,70,brown,red,male,7JUJCY,Honda,Civic
117827,56,71,black,red,male,F7XLF0,Audi,Q5
117937,31,77,brown,black,male,W3VLEB,Lincoln,MKX
117978,78,70,black,blonde,female,UP1261,Scion,tC
118009,64,84,blue,white,male,00NU00,Mercedes-Benz,E-Class
118181,30,52,black,white,female,5V2TZM,GMC,Sonoma
118293,63,81,brown,blonde,female,JF6OTH,Chrysler,Sebring
118332,40,75,green,black,male,6SG3W0,Mitsubishi,Diamante
118365,59,79,brown,green,male,PYU7AI,Mercedes-Benz,Sprinter
118388,47,55,blue,green,male,ADXT4X,HUMMER,H1
118484,57,82,amber,blue,male,H746K7,Land Rover,Freelander
118564,66,53,green,blonde,female,L3G027,Dodge,Neon
118650,22,75,black,red,male,TT83PV,Pontiac,Grand Prix
118693,53,51,brown,grey,male,ME18H8,Buick,LaCrosse
118695,21,76,brown,red,female,G40UMB,Honda,Pilot
118698,25,60,green,white,female,12Y46Q,Toyota,Sequoia
118733,61,53,brown,grey,male,67N08D,Audi,Allroad
118747,64,51,brown,brown,female,666VV1,Smart,Fortwo
118783,74,82,amber,brown,male,UL751Q,Saab,900
118811,76,62,black,grey,male,1Y05SM,Dodge,Charger
118819,22,80,amber,green,female,WV340F,Dodge,Ram 2500 Club
118864,80,68,blue,grey,male,2654JL,Lexus,LFA
119032,68,62,brown,green,male,4FLA3Q,Daewoo,Nubira
119156,21,75,blue,blue,male,OFOAWW,Subaru,Forester
119222,43,53,blue,brown,male,0NZMHD,Volkswagen,Passat
119240,38,77,green,grey,female,X1H7E1,Kia,Optima
119248,45,78,amber,red,male,7ECDVK,Lexus,LS
119258,66,77,blue,blue,female,63MZ6D,GMC,Savana 2500
119293,37,67,brown,brown,female,53Y5LM,Lexus,RX Hybrid
119343,36,81,amber,white,male,ULOUNT,Pontiac,Bonneville
119448,77,50,black,blue,male,7WD0K1,BMW,650
119490,71,80,brown,blue,female,EA128O,Chrysler,Sebring
119507,42,73,green,blonde,female,3ZFYM2,Infiniti,G
119525,77,67,brown,blonde,female,O5378U,Mercedes-Benz,CL-Class
119527,68,82,blue,blonde,female,5XW288,Dodge,Caravan
119539,77,55,green,blue,female,5M81LT,Mitsubishi,Galant
119629,19,51,green,blonde,male,C8K707,Dodge,Ram 2500
119637,23,75,blue,grey,male,T4TI07,Infiniti,G
119673,32,52,brown,brown,female,652AXT,BMW,545
119791,61,58,brown,red,male,8KQ4H3,Cadillac,Escalade ESV
119795,35,81,black,brown,female,TE1S53,Mercedes-Benz,Sprinter 2500
120202,63,65,green,brown,female,7QY6PR,Ford,Edge
120222,34,55,amber,black,male,78D543,Ford,Taurus
120458,24,51,green,brown,female,6Z3GL5,Mercedes-Benz,SLR McLaren
120519,88,71,brown,red,female,O7BEZ1,Isuzu,Axiom
120545,43,67,green,black,male,56K55D,Volkswagen,Routan
120579,30,74,amber,red,female,X8R4J8,Lexus,LX
120768,26,51,green,red,male,FYZRIK,Jaguar,X-Type
120776,56,71,brown,black,male,J7C3Z1,Infiniti,I
120799,53,52,blue,green,male,ILLE4T,Dodge,Ram Van 1500
121019,61,78,green,green,male,ACOKQ0,Ford,F250
121232,75,53,amber,white,male,M7Z7N5,Honda,Insight
121239,38,68,black,green,female,4JP7P2,Pontiac,Vibe
121261,27,62,brown,white,male,CODP5B,Ford,F-350 Super Duty
121365,70,58,brown,white,male,SD8SK4,GMC,Safari
121454,21,64,green,blue,male,QOLORD,Buick,Century
121496,77,65,blue,white,male,K7HCT1,Aston Martin,Vantage
121569,45,74,green,red,female,630615,Toyota,Prius
121583,65,71,green,red,female,IP3JL7,Nissan,Frontier
121617,79,72,black,blue,male,646GO8,Mazda,Miata MX-5
121750,51,67,amber,red,female,555AGV,Volkswagen,Phaeton
121872,21,53,blue,brown,male,K81C6V,Audi,A7
121973,19,63,amber,blonde,male,H31E4R,Lexus,GX
121999,24,73,green,grey,female,0HOQ2I,Pontiac,Montana
122134,40,61,black,white,female,8616Y4,Chevrolet,Astro
122156,46,80,green,grey,female,26JL7N,GMC,Acadia
122161,18,73,black,black,male,2H3Y1S,BMW,M5
122218,49,51,brown,green,male,24J4W5,Nissan,Murano
122260,84,53,black,white,male,414335,Subaru,Tribeca
122268,36,82,black,red,female,01RS0V,Kia,Amanti
122290,62,73,blue,red,male,M36RGH,Jeep,Wrangler
122314,59,51,blue,black,female,20668G,Chrysler,Town & Country
122330,44,55,brown,black,female,KIC846,Lincoln,Navigator
122412,44,51,brown,red,male,C0276I,Honda,Accord
122422,44,60,brown,blonde,female,60XAJZ,Kia,Optima
122522,23,70,brown,grey,female,522XMO,Ford,Explorer
122605,87,68,green,blonde,male,183373,Ford,Flex
122616,41,65,blue,blonde,male,4B7CK3,Lincoln,MKX
122629,69,71,green,black,female,D62815,Chrysler,300
122913,39,71,green,blue,male,48834N,Chrysler,Town & Country
122935,58,72,green,black,female,ERN818,Lincoln,Continental
123082,24,54,brown,blue,female,6D2YL1,Toyota,Sienna
123085,63,74,black,white,female,42YQ7J,Suzuki,XL-7
123129,42,52,blue,grey,female,T21X5S,Hyundai,Elantra
123173,27,75,amber,green,male,W534O0,Mazda,Miata MX-5
123175,60,51,amber,brown,male,731T5Q,Audi,S5
123277,34,78,black,blonde,male,245520,Mazda,Mazda3
123368,57,61,blue,red,male,820VVI,GMC,Savana 3500
123542,47,73,brown,blonde,female,85I28W,GMC,2500 Club Coupe
123675,66,82,blue,white,male,ENDY87,Honda,Pilot
123696,38,50,black,black,male,5V225F,Toyota,Yaris
123751,36,71,brown,blonde,female,13EWXK,Dodge,Stratus
123784,19,59,black,black,female,P0204E,Toyota,Avalon
123807,42,60,amber,blue,female,5YN366,Chevrolet,1500
124024,80,60,blue,blue,male,043W5O,Porsche,911
124047,79,82,brown,black,female,KTDY52,Mitsubishi,Montero
124053,35,56,green,blonde,male,E7A2RP,Infiniti,QX56
124072,43,76,brown,grey,male,0CYU5Q,Honda,Accord
124154,27,59,green,white,female,RJNM24,Kia,Borrego
124263,77,63,black,black,male,6T3L3Z,Dodge,Avenger
124386,81,56,brown,red,male,06640H,Toyota,4Runner
124421,64,73,amber,black,female,ZD13HA,Kia,Optima
124477,64,63,blue,red,male,X10LM7,Chevrolet,Colorado
124532,68,79,black,green,male,CX15WZ,BMW,6 Series
124573,19,61,brown,brown,male,J432AB,Nissan,Pathfinder
124619,20,77,brown,black,female,U1PVRR,Hyundai,Equus
124706,57,67,green,white,female,T1EN85,Toyota,Matrix
124854,48,60,blue,grey,female,RH14TP,Bentley,Continental Flying Spur
124954,37,81,green,green,female,1711P0,Porsche,Cayman
125008,36,77,brown,grey,female,ZFPR6T,GMC,Sierra 2500
125056,89,68,amber,black,female,J70C1U,Hyundai,Tiburon
125080,33,68,brown,blue,female,J0465P,Ford,Escape
125293,82,56,blue,brown,female,D502MA,Buick,Rainier
125430,31,68,brown,grey,male,6RJ356,Lincoln,MKX
125749,39,73,amber,green,female,3L81A2,Ford,F-Series
125808,61,79,black,red,female,2MCE8A,Mazda,Tribute
125852,33,79,brown,blonde,female,N61TXA,Chevrolet,S10
125949,64,66,amber,red,male,67Y52T,Volkswagen,Passat
125959,73,56,brown,black,female,31545E,Toyota,Venza
126096,67,69,green,white,male,RHXJ2J,Mercury,Mariner
126344,74,76,blue,red,male,LE15DR,Ford,Econoline E350
126367,78,62,blue,blonde,female,566540,Lexus,RX Hybrid
126441,75,61,amber,white,male,J56440,Toyota,Land Cruiser
126537,54,57,black,grey,female,540X1W,Cadillac,DeVille
126708,23,65,brown,brown,female,7G8IDO,Kia,Forte
126794,45,75,blue,black,male,HHI23Z,Mercedes-Benz,SLS-Class
126842,48,81,black,blonde,male,36Y8B2,Mercury,Sable
127001,76,76,amber,white,female,DOSF55,Dodge,Dakota
127167,66,64,green,brown,female,YIQG56,Land Rover,Discovery
127260,88,51,green,brown,male,E75M10,Toyota,4Runner
127284,59,71,black,black,female,401SL1,Mazda,CX-7
127288,18,59,black,black,female,A20YSP,Ford,Freestar
127368,39,77,green,red,female,7L2M21,Volvo,V70
127412,53,62,green,blonde,female,M7D015,Infiniti,M
127441,88,62,amber,red,male,6PT37G,MINI,Cooper Clubman
127460,26,72,green,brown,male,PMTI0B,Lexus,ES
127536,45,64,brown,black,female,J5F2E7,Mazda,MX-5
127851,54,62,blue,white,female,2F0F2S,Nissan,Sentra
128040,39,79,amber,white,female,TSN05W,Toyota,Matrix
128169,27,61,amber,brown,female,G6NG0M,Cadillac,STS
128243,70,60,brown,blonde,female,2H60NO,Chevrolet,Suburban 2500
128359,36,79,black,blue,female,1LPSL8,Maybach,57
128492,36,57,amber,red,male,Y8378U,BMW,7 Series
128519,73,77,blue,red,male,J6BMPD,Honda,Element
128666,71,59,brown,grey,female,215427,Jeep,Commander
128697,23,67,blue,brown,female,80RTUY,Chevrolet,Silverado 3500
128963,48,58,black,blue,male,4OXLFT,Chevrolet,Express 3500
128971,25,77,black,red,male,US1W4K,Jaguar,XK
129107,23,60,blue,blonde,male,2GY403,Chrysler,Concorde
129125,62,60,amber,red,male,8SJ337,Land Rover,Freelander
129753,84,50,green,red,male,PN885W,Ford,Focus
129794,75,74,brown,brown,female,V0886R,Mitsubishi,Mirage
129848,28,59,amber,grey,female,KSFOST,Infiniti,G
130119,30,66,amber,black,female,60UIR8,Honda,Civic
130160,52,54,black,blue,male,F87E0F,Ford,E150
130175,80,53,blue,blonde,female,UKW666,Mitsubishi,GTO
130177,44,72,brown,brown,female,6YE08M,GMC,Yukon XL 2500
130247,19,56,amber,red,male,R76IC7,Dodge,Ram 2500
130374,77,50,green,green,male,B1U6RG,Hyundai,Genesis
130511,80,77,green,red,male,C03A8J,Mazda,Mazda3
130553,36,66,green,green,female,G12247,Suzuki,XL-7
130711,35,71,green,brown,female,KVL07A,Infiniti,G
130797,39,67,black,blue,female,YUVV74,Toyota,Sienna
130802,63,60,brown,blonde,female,GC35T8,Nissan,Xterra
130874,27,55,green,white,female,LSM282,Honda,Ridgeline
131022,84,58,amber,black,female,F11HG0,Lexus,IS
131193,25,79,green,red,female,261AM0,Honda,Civic
131246,18,57,brown,white,female,VOU6R8,Suzuki,Grand Vitara
131316,35,65,green,red,male,6XY025,Chevrolet,Trailblazer
131354,61,50,brown,blonde,male,EI34QG,Mitsubishi,Outlander
131546,60,63,black,green,male,D6E2NI,MINI,Cooper
131879,46,68,blue,green,female,77ZVCM,Lexus,HS
131970,73,71,brown,black,female,C5O2G4,Mercedes-Benz,SLK55 AMG
132079,28,64,brown,blue,female,8886ZC,GMC,Canyon
132088,84,82,blue,green,female,1L8435,Chrysler,Crossfire
132178,19,67,brown,blonde,male,A1FA58,Infiniti,JX
132215,25,75,black,blue,male,4NG25N,Plymouth,Voyager
132245,41,52,black,grey,female,I8ZB85,Acura,CL
132441,30,50,brown,red,male,F38U28,Mazda,RX-8
132546,54,55,blue,white,female,481PI1,Mercury,Mystique
132934,56,64,black,red,female,1J5FW3,Suzuki,Vitara
132952,51,61,amber,grey,male,QM08PK,Ford,Explorer Sport Trac
133088,62,75,amber,brown,female,F28J23,Lexus,GS
133182,52,74,amber,brown,female,83DJDT,Isuzu,Rodeo
133225,77,70,black,black,female,23RNL8,Mercury,Milan
133263,65,76,amber,green,male,YRX287,Ford,Edge
133355,43,73,green,white,female,HED0RH,Nissan,Frontier
133557,33,51,blue,red,male,EQ2V45,Bentley,Azure
133831,39,56,amber,red,male,117YA2,Mazda,Miata MX-5
133943,26,63,black,blue,female,UM8K56,Toyota,Land Cruiser
134084,54,75,brown,blue,female,L7LFS7,Scion,xB
134289,78,64,blue,blue,female,GJS0ZR,Infiniti,QX
134362,58,50,amber,green,female,2S3AZM,Mercury,Mountaineer
134397,89,73,amber,blonde,male,44OU73,Kia,Rio
134401,69,82,brown,green,female,2VU6VQ,Land Rover,Range Rover Sport
134484,27,69,black,brown,male,8F81WM,GMC,Sierra 1500
134747,37,75,green,black,male,BL6381,Buick,Rendezvous
134833,78,74,green,red,male,DX3704,Saab,09-Mar
134891,62,58,green,blue,male,32G1A6,Saturn,Relay
135080,45,61,amber,white,female,738I0C,Dodge,Dakota Club
135105,76,61,amber,black,male,ALK82F,Toyota,Celica
135155,54,67,amber,brown,female,1YA8EX,Audi,A4
135362,69,75,green,white,female,O80Q32,Saab,09-Mar
135375,42,77,green,green,female,K20M73,Bentley,Continental
135407,81,67,blue,blue,male,B8G401,Ford,Taurus
135506,19,74,blue,brown,female,5KF3XW,Infiniti,G
135545,60,78,black,white,female,FJ5I3A,Volkswagen,New Beetle
135603,88,79,amber,blonde,male,5JR520,BMW,X5
135753,62,51,blue,grey,male,1JAT37,Hyundai,Accent
135756,22,66,green,brown,male,I7ZQBP,Chevrolet,Express 1500
135786,84,61,amber,brown,female,X5ES72,Chrysler,Town & Country
135826,74,65,black,black,male,B6YDS0,Land Rover,Range Rover
135886,44,81,black,red,female,632J6T,Chevrolet,Monte Carlo
136024,33,78,black,blue,female,C65SSY,Lexus,HS
136059,59,73,amber,black,male,88P215,Toyota,Sienna
136174,55,70,green,blue,female,Y5A5X6,Chevrolet,3500
136549,84,72,amber,blonde,female,3A2BCV,Hyundai,Santa Fe
136573,66,76,blue,green,male,AKMJ1Y,Isuzu,VehiCROSS
136607,28,52,amber,blue,male,GMT651,Buick,Park Avenue
136626,68,68,brown,brown,female,1H8O74,Acura,TSX
136678,22,64,amber,white,male,K6018N,GMC,Acadia
136744,74,74,brown,brown,female,N73OI8,Subaru,Legacy
136806,30,59,brown,white,male,7C41P3,Mercedes-Benz,C-Class
136879,22,73,amber,black,male,RS10GL,Mercury,Sable
136943,43,73,green,blue,female,3K1161,Pontiac,Sunfire
136984,62,61,green,black,male,3KOEEI,Cadillac,SRX
136993,52,70,blue,grey,female,0248U3,BMW,X5
137011,30,79,brown,brown,male,26JNOK,Ferrari,F430
137105,19,75,green,blue,male,5CO4VL,Porsche,Boxster
137170,59,80,black,green,female,KQTJZC,Oldsmobile,Regency
137217,72,78,blue,black,male,2RLYVU,Jeep,Liberty
137252,59,63,black,green,male,3GEWD6,Chevrolet,Suburban 1500
137308,55,57,black,grey,female,1ED0A8,Audi,S6
137330,55,78,blue,red,female,345832,Buick,Regal
137365,76,54,blue,grey,female,YAGF60,Lotus,Esprit
137391,34,68,green,grey,male,574S7M,Suzuki,XL-7
137537,64,58,black,white,male,736VDL,Toyota,Corolla
137690,85,72,amber,white,male,5R264X,Lamborghini,Gallardo
137717,74,71,blue,blue,male,G0K3DF,Volkswagen,Passat
137807,63,54,green,brown,female,L6B1DH,GMC,Savana 1500
137919,42,60,blue,black,female,7558A4,Hyundai,Veloster
137936,41,80,blue,black,male,684WQT,Ford,E350
137987,76,72,green,grey,female,252C64,Ferrari,FF
138077,50,71,blue,grey,male,0S258T,Nissan,Altima
138095,66,60,blue,red,female,4QU5K6,Ford,F350
138108,41,52,blue,black,female,88525N,Acura,TL
138154,61,61,black,white,female,3YBBK6,Jaguar,XK
138193,49,64,green,red,male,W82RR0,Ford,Expedition
138228,83,76,green,green,male,EMZ0L1,Honda,Prelude
138335,82,63,green,grey,male,8XJ27V,Honda,CR-V
138384,65,66,brown,brown,female,6QH710,Toyota,Camry
138442,76,58,amber,brown,female,8G6PCE,Lincoln,Town Car
138462,31,81,black,black,male,Q3885U,Maserati,Quattroporte
138483,50,53,blue,grey,female,Z10754,BMW,X5
138666,61,51,brown,blonde,female,8X7V3C,Hummer,H3
138911,63,58,green,red,male,XVDYWD,Toyota,MR2
138968,82,54,amber,blue,male,3SKXX5,GMC,Sierra 1500
139116,89,52,amber,white,male,B27D40,Mercedes-Benz,E-Class
139252,79,62,black,blue,female,2P1Z7S,Aston Martin,DB9 Volante
139328,43,80,green,black,male,DGVA25,Ford,C-MAX Hybrid
139390,25,57,amber,red,female,5JL0QM,Audi,TT
139448,46,61,amber,blonde,female,RA2O54,Ford,F150
139551,84,76,brown,red,male,0FIXDW,Chevrolet,Traverse
139633,57,60,green,green,female,73M6R5,Acura,RL
139639,78,54,brown,black,male,8EN0F7,Dodge,Ram 2500 Club
139647,83,57,blue,white,male,H1B36I,Cadillac,SRX
139659,40,57,amber,green,male,WO72X2,Honda,Accord Crosstour
139696,32,80,amber,grey,male,6NCF1A,Mercedes-Benz,SL-Class
139705,72,79,green,white,female,488CYS,Honda,CR-V
139912,77,78,green,blonde,male,WP376Z,Kia,Carens
139921,19,51,black,blonde,female,1X8UJ5,Toyota,Prius
140048,78,73,amber,black,female,BCYH74,Mercedes-Benz,CL-Class
140209,56,67,amber,brown,male,JYYO1G,Audi,A8
140743,45,54,green,green,female,PQKR70,Chevrolet,Suburban 2500
140799,75,51,green,brown,male,5G8C6O,Mercedes-Benz,M-Class
140809,35,62,blue,brown,female,ZLF1U6,Audi,A4
140810,25,55,amber,grey,male,YK3G14,Bentley,Arnage
140828,19,76,brown,red,female,108IR8,Cadillac,Escalade ESV
140880,53,57,black,grey,female,1T8Z4A,Mercedes-Benz,M-Class
140890,58,52,green,green,female,222W0S,Lexus,RX Hybrid
140891,27,68,black,blue,male,1147G2,Mitsubishi,Pajero
140937,51,62,black,blue,female,5FRBDE,GMC,Yukon XL 2500
140981,44,73,black,red,female,63SALJ,Ford,F250
140997,79,78,brown,red,female,2M23YD,Audi,S6
141011,27,52,black,red,male,1304OS,Ferrari,599 GTB Fiorano
141182,41,60,amber,brown,male,7K8NZJ,Mitsubishi,Mirage
141220,18,70,green,blue,male,215AK2,Lexus,LX
141227,37,52,brown,blue,female,FOWMSM,Porsche,Carrera GT
141484,81,51,amber,white,male,61S07S,Honda,CR-V
141487,51,78,green,white,male,80L3E8,Mercedes-Benz,R-Class
141509,31,75,green,black,female,BX88EU,Ford,Econoline E350
141544,58,62,green,black,male,1DC5KC,Dodge,Durango
141588,47,70,green,red,female,8613I6,Volvo,XC70
141609,54,52,green,black,female,1ENJT0,Cadillac,CTS
141659,79,79,brown,grey,male,YF14N2,Subaru,Legacy
142073,89,78,blue,blue,female,M1J1J7,Nissan,Altima
142076,38,61,black,green,female,1KEW61,Toyota,RAV4
142084,70,74,amber,grey,female,04KMRW,Ford,F350
142108,57,58,amber,blue,female,4YP5WK,Chevrolet,Silverado 1500
142168,33,53,green,blue,female,Z111SV,Chevrolet,Avalanche
142204,83,55,green,brown,male,18GD28,Lincoln,Continental
142284,29,81,green,blue,male,FB7Z8C,Toyota,Matrix
142413,50,78,amber,green,male,LMTC00,Audi,S4
142920,78,72,brown,grey,male,H24VYV,Chevrolet,Express 1500
142931,42,51,blue,brown,male,7BJL37,Mercury,Sable
142976,50,64,black,grey,female,17ZQJG,Lexus,IS-F
143134,27,54,brown,grey,male,58TL2B,Chrysler,300M
143160,70,82,brown,blonde,female,758680,Audi,Q7
143216,31,79,amber,brown,male,AKV8U1,Toyota,Celica
143382,28,71,amber,blonde,female,1A43XQ,Dodge,Magnum
143489,46,68,amber,white,male,00WPAW,Mercedes-Benz,S-Class
143544,88,64,green,brown,male,CJSZ2R,GMC,Yukon XL 1500
143697,81,68,brown,black,male,5G4A2J,Chevrolet,Volt
143765,42,71,blue,white,male,0G633V,Subaru,Legacy
143946,72,78,black,black,male,5X2QF1,Daewoo,Lanos
143964,54,79,blue,white,female,0317H1,Audi,R8
143993,54,80,black,green,female,M3I306,Toyota,FJ Cruiser
144030,32,68,black,brown,female,1GLJN1,Toyota,RAV4
144111,30,65,green,brown,male,I13771,Chevrolet,S10
144191,34,52,green,green,male,JBP6MI,Mercedes-Benz,CLS-Class
144214,66,58,brown,white,female,86VGDA,Chrysler,Sebring
144356,85,76,green,red,male,752DVA,Dodge,Dakota Club
144391,50,59,black,blue,male,N2NG4M,Hyundai,Veracruz
144501,50,72,brown,grey,male,FH5MP6,Lexus,SC
144561,34,80,green,red,male,38QT8G,McLaren,MP4-12C
144614,63,62,black,green,female,06P77W,Dodge,Ram 1500
144697,74,67,black,blue,female,DG6SV1,Toyota,Camry
144866,65,56,brown,white,male,18P0K6,Ford,Mustang
144896,51,69,amber,black,female,6P06Q8,BMW,1 Series
144952,73,64,brown,grey,female,RS5061,Chevrolet,Cavalier
145029,66,54,green,blue,female,306105,Dodge,Durango
145119,72,50,brown,green,male,RXBM2E,Chevrolet,Suburban 1500
145188,64,67,brown,blonde,male,8M05Y8,Dodge,Dakota
145284,49,52,green,white,male,O6UQR0,Nissan,Murano
145301,51,56,blue,green,female,48562X,Cadillac,Escalade EXT
145329,60,50,black,brown,female,2DR580,Isuzu,i-Series
145356,75,63,brown,green,male,1R7UN0,Maserati,Spyder
145460,25,74,brown,blue,female,285AZZ,Hyundai,Entourage
145606,75,68,black,brown,male,GBE005,Pontiac,Grand Am
145709,62,69,blue,blue,male,ZX037R,Lexus,ES
145756,53,57,green,black,female,4NMV6L,Land Rover,LR4
145776,77,63,brown,black,male,E8G431,GMC,Savana 1500
145861,48,52,green,black,male,3FCC44,Jaguar,XK Series
145898,52,57,brown,grey,female,3178MW,Toyota,Prius
146075,48,72,amber,brown,male,Q3EJ3J,Mercury,Grand Marquis
146097,71,55,black,blue,male,6X380R,Land Rover,Discovery
146111,23,58,blue,red,female,P746G2,Chevrolet,Express 1500
146165,20,81,green,green,male,3W688H,Acura,TL
146234,66,55,amber,grey,female,757X1Q,Toyota,TundraMax
146313,33,51,amber,green,male,UUKOKC,Hyundai,Sonata
146315,43,62,amber,brown,male,S0563K,Nissan,Quest
146439,32,63,amber,white,male,48SO2Y,Kia,Rio
146454,88,53,blue,brown,female,323YY4,Porsche,Boxster
146495,85,69,blue,green,male,1UNG8I,Chevrolet,Express 2500
146629,84,55,green,red,male,J736WP,Dodge,Dakota
146641,73,70,brown,green,female,L6001U,Nissan,200SX
146796,89,70,green,brown,female,3T36QX,Nissan,Sentra
146817,51,63,brown,white,female,FM170F,Lexus,RX
146892,19,50,green,brown,male,6VQ78W,BMW,645
146980,38,56,brown,red,male,H2D11M,Honda,Fit
147014,36,82,blue,green,male,2Z33P8,Audi,RS 4
147044,42,67,black,red,male,6M5F67,BMW,3 Series
147051,82,64,black,white,female,C64553,Jeep,Wrangler
147062,57,50,amber,blue,male,7K1E4D,Jaguar,XJ Series
147279,85,63,amber,black,male,H6450E,Land Rover,Freelander
147347,82,78,green,grey,female,MS67M4,Lexus,LS
147476,69,58,amber,blonde,male,VK28Y4,Saab,09-May
147498,78,68,green,white,male,5MP06V,Mazda,626
147514,33,71,brown,brown,male,0FNF51,Jeep,Wrangler
147534,65,53,blue,red,female,S5TM3B,Dodge,Durango
147651,50,66,amber,green,female,30O28N,Ford,Excursion
148107,65,51,brown,red,female,5470I8,Toyota,Corolla
148129,69,76,black,white,female,8K3034,Toyota,Sequoia
148175,50,65,amber,grey,male,2Q2HUI,Aston Martin,V12 Vantage
148208,41,82,amber,green,male,MVZQZW,Mercury,Villager
148488,42,66,amber,blonde,female,UUQ2N5,Mercedes-Benz,C-Class
148556,47,69,brown,grey,female,TW084H,Acura,RSX
148655,66,61,blue,blue,male,A3VMEO,Audi,A8
148698,73,51,green,blonde,female,741V4G,Infiniti,G35
148712,63,64,green,green,male,040H2C,Ford,F250
148775,89,79,brown,green,male,H8G8OS,Honda,Odyssey
148870,86,80,green,black,male,8HVKFB,Land Rover,Discovery Series II
148885,55,60,green,green,female,V27ZW7,Acura,RL
149124,59,50,blue,black,male,I7H5TX,Jeep,Wrangler
149232,64,51,blue,blue,female,67Y606,Daewoo,Nubira
149365,73,78,brown,white,female,1GX5AO,Chevrolet,Venture
149427,21,67,amber,grey,female,14407H,Ferrari,430 Scuderia
149508,61,59,black,white,female,I1DT1K,Mitsubishi,Lancer Evolution
149661,29,73,amber,white,male,3O701C,Rolls-Royce,Ghost
149682,30,68,black,blue,male,YH1KB0,Land Rover,Discovery
149838,45,60,amber,blue,female,8O4RK5,Infiniti,QX56
149902,38,68,black,white,male,8JNQC1,Volkswagen,GLI
150059,21,74,green,blonde,male,GP4YVJ,Mazda,Mazda3
150092,24,71,blue,brown,female,113260,Lexus,GX
150152,20,72,blue,blonde,female,T6A1K8,Ford,Ranger
150192,52,52,green,green,female,D6W5I1,Mazda,RX-8
150390,79,59,amber,blonde,male,B40AEW,Hyundai,Elantra
150427,43,57,amber,green,male,S5WI60,Volkswagen,New Beetle
150510,49,62,blue,grey,female,63CVNG,Chevrolet,Camaro
150590,43,75,blue,blonde,male,G50D05,Suzuki,XL7
150904,60,77,green,green,female,L0YP2X,Chevrolet,Metro
151013,23,67,blue,brown,male,RA7U5W,BMW,Z8
151048,37,62,blue,blue,male,D8B3RY,Subaru,Forester
151103,52,55,blue,red,male,T30MH8,Cadillac,STS
151148,72,64,black,brown,male,V3B0T2,Hyundai,Tiburon
151367,68,61,amber,green,male,018R70,Chrysler,300M
151532,61,57,black,blue,female,21228Q,Chrysler,200
151797,83,57,brown,blue,male,3KN22D,Lexus,ES
151798,55,51,brown,black,male,4IT663,Hyundai,Santa Fe
151858,59,81,green,red,male,130SPL,Jaguar,XJ
152187,29,81,blue,white,male,2QP3R1,Chevrolet,Volt
152272,23,68,green,green,male,CFOYJK,Scion,tC
152330,78,65,black,white,male,01J145,Toyota,Avalon
152393,38,74,brown,white,female,760OXP,Lexus,ES
152449,40,62,brown,blue,male,O443FL,Bentley,Continental GT
152517,26,73,amber,black,male,4B5DWU,Chevrolet,Equinox
152534,80,73,brown,grey,female,DZ682Y,Mercedes-Benz,G-Class
152536,60,55,blue,grey,female,4SZB37,Acura,RL
152751,66,57,blue,black,male,6CS205,Volvo,V70
152753,81,57,amber,red,female,81M8T1,Chrysler,Pacifica
152843,19,72,blue,black,female,IR0315,Hyundai,Santa Fe
152848,18,58,brown,blonde,male,4Y00IK,Mazda,Millenia
152910,40,79,green,blonde,female,5M814J,Chevrolet,Avalanche 1500
152911,86,55,amber,brown,female,63N14P,BMW,3 Series
152919,61,82,brown,brown,female,0M2XBS,Mercedes-Benz,SLK-Class
153016,57,82,green,green,male,2ATZU8,Porsche,Boxster
153120,81,57,black,blonde,female,6Y78X3,Infiniti,JX
153186,88,64,black,red,female,4N340I,Mitsubishi,3000GT
153224,24,74,brown,blonde,male,K61DNC,Chevrolet,Equinox
153352,85,60,amber,blonde,male,ME76UB,Chevrolet,Express 1500
153375,48,52,blue,white,female,QB312N,Honda,Odyssey
153600,59,72,green,grey,male,87UVR7,Chevrolet,Blazer
153636,67,70,blue,brown,male,6CB538,Mitsubishi,Challenger
153761,44,75,blue,red,female,EI3Q4G,Ford,Taurus
154072,47,68,brown,black,male,B65F86,Ford,Expedition EL
154132,87,55,amber,blue,male,5XGVV2,BMW,Z3
154159,28,77,brown,black,female,CRU01G,Cadillac,DTS
154429,38,69,brown,red,female,EL1150,Volkswagen,New Beetle
154532,22,72,brown,brown,female,11AYA8,Suzuki,XL-7
154983,66,58,amber,blue,male,4WQ7S5,Ford,F350
155199,40,74,amber,white,female,D28PUF,BMW,M3
155275,58,57,green,grey,male,6V38I5,Suzuki,Reno
155290,41,66,black,blonde,female,07WGKH,Acura,TSX
155526,20,67,amber,blue,female,RE71H5,Acura,RDX
155662,59,55,brown,black,female,4MOH5J,Mercedes-Benz,CL-Class
155674,23,70,brown,blue,female,K3556M,Dodge,Ram Van 3500
155747,78,76,amber,white,female,L2V3UG,Ford,F-250 Super Duty
155754,31,78,black,grey,male,644S6Q,GMC,Acadia
155759,65,80,green,brown,female,1226X8,Ford,Escape
155775,53,68,brown,blonde,female,UXDIIV,Honda,Pilot
155818,76,54,amber,black,female,548O46,Kia,Sportage
156135,36,68,black,red,male,SM3HTJ,Buick,Century
156151,19,78,amber,blonde,female,ZNSPS3,Buick,Lucerne
156244,23,68,black,white,male,V33XKE,Lexus,SC
156245,28,65,green,blonde,female,JC184H,Hyundai,Santa Fe
156246,53,76,brown,red,female,H6Z880,GMC,Yukon XL 1500
156265,48,78,amber,grey,female,611C13,GMC,Sierra 1500
156429,62,66,amber,white,male,676521,Subaru,Tribeca
156448,25,68,black,black,male,7B5053,Mercury,Grand Marquis
156493,79,63,amber,brown,male,X4X5VD,Cadillac,DTS
156597,65,65,amber,grey,female,52035V,Toyota,Matrix
156703,48,82,blue,brown,female,HGP051,GMC,Sierra 2500
156812,45,59,green,blonde,male,DI5XLL,Jeep,Wrangler
156845,41,78,black,grey,female,C74FCO,Honda,Civic Si
156861,49,67,blue,black,female,EKLWC3,Buick,LeSabre
157024,61,64,blue,red,female,W56GM0,Bentley,Continental Super
157078,64,72,brown,grey,male,WY87W8,Jeep,Commander
157254,42,68,green,black,male,QU0M4P,Toyota,Sequoia
157352,34,80,green,red,female,633A31,Chevrolet,Silverado
157431,69,59,amber,brown,male,7I6WJ2,Chrysler,Town & Country
157563,71,53,black,black,male,8P5A1G,Tesla,Roadster
157702,33,57,brown,blonde,female,51286M,Hummer,H2
157835,88,52,brown,brown,male,R541TF,Nissan,Cube
157853,21,69,green,blonde,female,K0N542,GMC,Yukon
158015,20,73,black,white,female,05WM31,Chevrolet,Cruze
158017,36,74,amber,green,male,GW8XWW,Toyota,Tacoma
158095,64,69,brown,grey,male,18C724,Volvo,C70
158159,32,78,black,black,male,23Z6KX,Mazda,MPV
158191,64,55,blue,blonde,female,6A4RZN,Chevrolet,Silverado
158311,52,61,amber,red,male,PO7713,Kia,Amanti
158433,54,70,green,green,female,Q43HU1,Chevrolet,Cruze
158457,35,75,brown,blonde,female,K34TU4,Ford,F450
158590,54,63,amber,red,female,Q0AT3S,Acura,RL
158876,81,54,amber,white,female,37JUJD,Mazda,RX-8
158889,88,78,black,grey,male,O5KO0O,Kia,Soul
158932,47,81,black,blue,female,I67710,Toyota,Avalon
159239,22,76,green,red,female,QRTN0W,Chevrolet,Tracker
159466,70,77,brown,white,male,N5537U,Infiniti,QX
159522,63,62,black,green,male,7624W3,Cadillac,SRX
159556,68,71,green,blonde,female,8AU75M,Suzuki,XL-7
159822,71,70,amber,black,female,074A1B,Toyota,Corolla
159831,63,76,blue,blue,female,BU68A3,Kia,Optima
159904,40,56,amber,grey,female,T4Z1V5,Mercedes-Benz,SLK-Class
159921,32,72,black,black,female,B4052Y,Lexus,LX
159990,39,69,blue,red,male,44C0WZ,Kia,Sedona
160116,41,64,black,black,male,5NQU36,Chrysler,300M
160151,18,67,blue,grey,female,O1G724,Mitsubishi,Montero
160364,76,77,amber,grey,female,MXFNT7,Mercedes-Benz,M-Class
160405,31,54,blue,red,female,L1651D,GMC,3500
160781,31,74,brown,black,male,YWYM1C,Ford,Excursion
161106,39,62,blue,blue,female,GN2F1L,Mazda,Mazdaspeed6
161543,30,69,black,brown,female,AGBX67,Audi,R8
161579,51,67,green,grey,female,V6527E,Mazda,626
161598,78,76,green,green,female,5IEPH0,Mercury,Monterey
161768,32,50,blue,grey,female,2UZTO1,BMW,525
161851,83,57,brown,green,female,J0473S,Toyota,Avalon
161860,50,67,green,blue,female,35B8T4,Jaguar,XJ
161881,68,75,green,red,male,3VB30N,Chevrolet,S10
161915,54,70,blue,red,male,71S43S,Acura,CL
161977,79,73,amber,white,male,C0V520,Infiniti,G
162019,88,55,amber,green,female,48E4Z3,Jeep,Wrangler
162167,21,54,amber,white,female,63P53X,Kia,Soul
162197,45,74,black,blonde,female,2KV110,Chevrolet,Silverado 1500
162236,36,56,brown,grey,male,E1158F,Bentley,Arnage
162293,22,80,blue,black,female,47JFVZ,Lexus,RX
162495,30,60,brown,blue,female,5M65PR,Volkswagen,Passat
162663,28,61,amber,green,male,B7E8H7,Chevrolet,Equinox
162702,77,59,brown,black,female,Z7IOV2,Isuzu,VehiCROSS
162910,44,58,brown,green,male,VGN46F,Toyota,RAV4
162976,89,56,green,blonde,female,QMO2WN,Nissan,Titan
163125,24,64,brown,white,male,4N8ZGI,Hyundai,Santa Fe
163186,82,60,blue,red,male,D634MY,Toyota,Yaris
163261,27,74,black,brown,female,1HM3WI,Nissan,Armada
163305,83,65,black,grey,male,726ON2,Kia,Optima
163383,59,58,amber,white,female,B26A38,Bentley,Azure
163614,73,59,black,red,female,X3Q45U,Volkswagen,Rabbit
163846,28,62,black,brown,female,OVGK5J,Infiniti,IPL G
163961,75,62,black,red,male,87K1Z6,Lexus,IS
164200,39,57,amber,blonde,female,13VAF0,Honda,Element
164233,59,76,amber,green,female,0UTUJF,Dodge,Ram 1500
164241,75,77,amber,black,female,825807,Ford,Escape
164423,47,52,amber,black,male,8ADRJY,Dodge,Grand Caravan
164427,63,68,blue,blonde,female,A8318I,Ford,Explorer Sport Trac
164522,65,74,black,black,female,K05IG2,Mercedes-Benz,SL-Class
164631,18,53,amber,black,male,5NYGT4,Land Rover,Range Rover Evoque
164708,51,64,amber,brown,male,7TJBUD,Jeep,Compass
164711,37,59,black,blue,female,051LDO,Toyota,RAV4
164735,78,55,brown,green,male,U143OI,Buick,Regal
164925,57,79,blue,red,male,14ZX3U,Mitsubishi,Lancer
165013,68,51,brown,grey,male,74X506,Chevrolet,Express 1500
165053,70,73,green,blue,male,L2KJ1M,Infiniti,IPL G
165060,53,54,amber,green,female,FX7X64,Volvo,V70
165070,77,77,brown,blonde,male,JJ5F5U,Maybach,57
165094,57,54,green,black,male,XJI4KC,Lexus,LX
165105,28,68,brown,white,female,JPX38G,Suzuki,Reno
165845,40,65,green,blonde,female,VDM37E,Dodge,Ram 1500
165864,85,76,blue,blue,female,8ICHTZ,Oldsmobile,Bravada
165889,29,81,brown,red,female,3D86C4,Saturn,Astra
165907,31,77,brown,brown,male,D527R4,Acura,Integra
165928,48,66,brown,blue,female,LXQ240,Volkswagen,Golf
166247,30,59,blue,blue,female,3Q42DW,Dodge,Ram Van 3500
166386,56,81,green,red,male,4D3O7W,GMC,Sonoma Club Coupe
166496,78,50,black,green,female,4C12KG,Audi,A6
166525,45,81,green,blue,male,65S4KC,Jaguar,XF
166556,67,67,brown,black,male,3A016S,Lotus,Elise
166573,35,71,amber,grey,male,TCQJ44,Volkswagen,New Beetle
166701,23,66,blue,green,male,K6687A,GMC,Savana 1500
166767,38,66,green,black,male,W7WMGP,BMW,Z4 M
166830,62,72,black,brown,female,K00DH8,Acura,RL
166957,84,66,green,grey,male,SV7L4Y,Saturn,Aura
166997,71,68,blue,blonde,female,1L14F8,Jeep,Cherokee
167105,30,76,green,blue,male,3R1O8T,Lamborghini,Diablo
167151,61,81,black,green,female,YC8EIA,Hummer,H3
167165,61,51,amber,blonde,male,88S6LW,Jeep,Liberty
167192,37,56,blue,white,female,W4VM6W,Ford,Explorer Sport Trac
167321,41,82,black,blonde,female,6CV6EM,Nissan,Altima
167393,46,75,black,grey,female,E5J05W,Rolls-Royce,Phantom
167434,65,50,brown,brown,male,64D4K4,Buick,Park Avenue
167462,35,81,black,green,male,XU8M6Q,Ford,Ranger
167623,19,79,amber,blonde,male,N18P8J,Chevrolet,Cavalier
167648,49,74,amber,blonde,male,6GS5J1,Aston Martin,V8 Vantage
168022,62,76,amber,white,female,234Q55,BMW,Z4
168157,87,67,blue,grey,female,61JQEI,Spyker,C8 Spyder
168319,41,71,green,grey,male,607UK5,Lexus,GX
168444,74,50,black,blue,female,KDA111,Chevrolet,Aveo
168751,28,77,green,grey,female,8V5M5Z,Toyota,Corolla
168834,71,56,black,red,male,SIL6Z5,Infiniti,FX
168965,44,56,blue,green,female,436PTF,Hyundai,Santa Fe
169041,77,79,blue,white,female,XC87TC,Lincoln,MKZ
169075,75,71,green,white,male,EULOOD,Oldsmobile,Alero
169094,51,80,blue,blonde,male,5S457H,Cadillac,Escalade EXT
169181,78,68,blue,grey,female,43Q26F,Maybach,57
169188,26,51,amber,brown,female,581TN6,Toyota,4Runner
169208,57,53,black,black,male,22H8EB,Lexus,GS
169258,21,71,black,brown,female,3PK27X,Kia,Sephia
169306,45,51,black,brown,female,R26644,Jaguar,XK Series
169469,19,82,amber,grey,female,21JIME,Dodge,Caravan
169598,75,59,green,black,female,2UFC24,Suzuki,Verona
169759,40,63,amber,brown,female,FV32R1,Mazda,Miata MX-5
169780,30,52,green,black,male,J1VR4J,Toyota,Tacoma Xtra
169857,59,76,brown,green,female,7356YC,Suzuki,Forenza
169935,67,59,green,green,female,V2NQ1B,Nissan,Pathfinder
170022,58,65,brown,white,female,26SS0M,Chevrolet,Express 1500
170150,75,58,amber,red,female,B85XPE,BMW,X6
170156,76,82,black,blue,male,8E824Z,Hyundai,Accent
170177,30,74,brown,blonde,female,0MU5FK,Lexus,IS
170234,84,55,blue,blue,female,V3L456,Audi,RS 4
170263,49,58,black,red,female,5268P7,Infiniti,M
170331,28,51,black,blue,female,KRM05E,Dodge,Viper
170405,30,59,brown,grey,female,0AQSZU,Toyota,Land Cruiser
170574,22,50,brown,grey,male,5WNL4F,Mazda,Miata MX-5
170767,62,55,brown,white,female,6K5PP2,Ford,Windstar
171021,53,58,black,blonde,male,G540K1,Aston Martin,DBS
171150,45,77,blue,grey,male,032B52,Mitsubishi,Diamante
171166,83,55,blue,red,female,57ZHB8,Dodge,Grand Caravan
171209,46,81,black,white,male,GAB8OH,Audi,RS 4
171309,56,56,black,brown,female,87W25W,Acura,RL
171352,53,72,amber,white,male,TL4XAT,Dodge,Grand Caravan
171497,50,59,blue,blue,female,G7LVX4,Pontiac,Trans Sport
171508,56,51,black,grey,male,6S51FI,Volvo,C70
171555,34,52,brown,red,male,2822R1,Chevrolet,Classic
171794,64,65,black,red,male,CF501D,Hyundai,Santa Fe
171841,51,82,blue,white,female,OF860J,Dodge,Avenger
171902,67,67,brown,blonde,male,53IV06,Dodge,Intrepid
171921,59,72,blue,brown,female,76GX2F,Acura,TL
171971,48,71,brown,blue,female,P85YY2,Subaru,Legacy
172094,59,72,brown,green,female,8L5KH1,Cadillac,Escalade ESV
172160,81,65,brown,brown,male,RA83IF,Ford,Escort
172161,72,72,blue,blue,male,JE614X,Toyota,MR2
172250,36,75,brown,white,female,26IJF4,Volvo,XC60
172302,56,56,blue,blonde,female,HEH36U,MINI,Cooper Countryman
172362,85,82,black,blonde,male,0Q1057,Ford,Explorer Sport Trac
172384,66,66,amber,brown,female,62WM5A,GMC,Savana Cargo Van
172658,24,76,black,black,male,N10586,Honda,Passport
172724,47,80,brown,grey,male,GRIBFA,Aston Martin,Rapide
172725,57,53,blue,green,male,EQT5O6,Chevrolet,Silverado 3500
172728,89,77,amber,grey,male,743X7A,BMW,X5
172741,46,72,amber,brown,male,C155H3,Dodge,Caravan
172768,50,61,brown,red,male,CNAC3Y,Buick,LeSabre
173029,73,52,blue,red,female,7.31E+07,Jaguar,XK
173114,72,60,brown,blonde,female,OJFP7J,Mazda,CX-7
173220,20,78,brown,black,female,P32T50,Acura,Integra
173453,79,71,blue,blonde,female,55WQ65,Lincoln,Navigator
173550,59,61,green,black,female,RC8F42,Chevrolet,Cruze
173568,24,57,blue,green,male,VKCFUU,Spyker Cars,C8
173595,50,52,blue,red,female,WF4W7K,Toyota,Venza
173637,83,78,green,brown,female,S01AN1,Rolls-Royce,Phantom
173644,73,60,black,brown,female,8Y7KD2,Honda,CR-V
173673,38,68,black,black,female,1X628F,Land Rover,Range Rover
173714,38,50,blue,black,female,55ERID,Volvo,V70
173984,43,67,green,red,male,3Y8UC5,Pontiac,Firebird
174152,49,82,blue,blonde,female,D6MMUT,Mercedes-Benz,C-Class
174295,20,54,amber,blonde,female,ZMA8RC,Cadillac,DeVille
174303,72,74,black,green,female,CBO3W3,Mercedes-Benz,CL65 AMG
174422,35,66,black,green,male,R448V6,Nissan,Sentra
174497,60,55,black,brown,female,U6I1JB,Mazda,Mazda2
174688,88,62,blue,brown,female,5E5B3N,Bentley,Continental Super
174891,25,50,blue,black,female,1C554R,Volvo,XC90
175084,63,53,amber,black,male,Z32Z8R,Oldsmobile,Bravada
175107,57,78,black,blue,male,O712KX,Lexus,LS
175240,62,51,green,white,male,54VD68,Jeep,Liberty
175254,43,52,black,red,male,5QE35Z,Toyota,Tacoma Xtra
175354,28,76,blue,blonde,female,MEEZ70,Infiniti,QX56
175369,33,58,green,blue,male,E6O3O8,Bentley,Continental Flying Spur
175378,29,75,green,red,female,411Q8O,Chevrolet,Suburban 2500
175527,31,53,black,brown,male,N0Y4TW,Mercedes-Benz,CLK-Class
175720,52,74,green,brown,male,8AJ4NB,Chevrolet,Avalanche 1500
175826,18,68,blue,blonde,female,0R1WVG,Volkswagen,Passat
175935,27,74,black,brown,female,SZSYL6,Kia,Sportage
175952,76,60,brown,blonde,female,777W3K,Maybach,57
175979,78,72,brown,blonde,male,NJR015,Cadillac,Escalade ESV
175996,26,78,brown,red,female,IHSGO8,Suzuki,XL7
176124,53,79,amber,blonde,female,2SH7HU,Nissan,Maxima
176139,64,68,green,red,male,P1J1IT,Dodge,Ram Van 2500
176354,75,63,blue,brown,male,3PW754,Cadillac,SRX
176376,80,60,brown,black,male,32EGLZ,Chevrolet,Suburban 1500
176541,23,68,amber,brown,male,I0S3Z1,Lincoln,MKT
176656,70,79,blue,blue,male,65GT40,Hyundai,Veracruz
176946,42,64,amber,black,female,076J40,Toyota,Sequoia
177122,66,75,black,white,male,3TI120,Lexus,IS-F
177140,87,52,blue,red,female,S3K2C5,Ford,F450
177371,75,57,blue,brown,female,8K58IL,Toyota,Corolla
177580,37,76,green,blonde,female,HF57X2,Ford,Freestyle
177629,34,72,blue,blue,female,G45544,Volvo,C70
177668,61,70,green,brown,female,B384D0,Mercedes-Benz,C-Class
177793,75,73,green,green,female,4JQX32,GMC,Envoy
177827,62,81,blue,brown,female,K248XA,Porsche,Cayenne
177945,49,76,green,blue,male,55EF0W,Chevrolet,Express 2500
177994,89,71,brown,black,male,DO50Z8,Suzuki,SX4
178027,81,78,green,brown,female,4HLWIA,GMC,Savana 2500
178061,84,53,brown,black,male,18LQU2,Chevrolet,Express 3500
178075,53,55,brown,blonde,male,7J431N,Subaru,Outback Sport
178205,54,73,black,brown,male,CXG3T4,Honda,Odyssey
178229,48,64,amber,blonde,male,D60661,Jeep,Grand Cherokee
178313,58,55,black,red,female,707AV7,Pontiac,Montana SV6
178460,61,80,amber,brown,male,65J276,Honda,Insight
178543,44,57,brown,blonde,female,7M7774,Kia,Spectra5
178585,72,52,amber,black,female,2D54GK,Mazda,B-Series
178683,76,79,green,black,female,1YZ4SX,Mazda,Mazda6
178719,69,60,brown,blonde,female,GYH134,BMW,Z4 M
178787,73,56,blue,brown,male,58XNO1,Lamborghini,Gallardo
178807,75,69,black,white,female,7L5XRO,Chevrolet,Express 1500
178952,75,67,black,brown,male,7KR81Q,Pontiac,Sunfire
178965,58,53,amber,blue,female,53O1M2,GMC,Yukon XL 2500
178992,58,66,amber,blonde,male,Z4GSJX,Toyota,Tacoma Xtra
179004,23,58,green,black,female,48325G,Chevrolet,Monte Carlo
179081,59,56,green,grey,female,70SSRA,Chevrolet,Suburban 2500
179199,55,79,blue,white,male,SB1V0H,Toyota,Prius Plug-in
179286,38,81,amber,green,female,1FQH1X,Volkswagen,Touareg
179317,19,52,black,white,male,G5IQ1I,Chevrolet,Blazer
179398,29,71,brown,red,female,6I1AOV,Mazda,CX-7
179401,45,69,amber,black,female,3T406C,BMW,X5
179451,87,51,black,red,male,3F0L23,Nissan,Maxima
179467,65,58,amber,blonde,male,ZD36E1,Chevrolet,Express 2500
179559,88,66,amber,blue,female,U1R70O,Kia,Sorento
179617,60,65,blue,green,female,5SGOW5,Mercedes-Benz,CL-Class
179756,33,55,amber,blonde,male,RL02H3,Mercedes-Benz,SL-Class
179779,68,76,brown,red,female,C1ZO42,Mazda,Miata MX-5
179844,67,58,blue,brown,male,8A1NGS,Isuzu,Rodeo
179921,87,73,amber,brown,male,0828J8,Mercury,Villager
180400,68,80,brown,brown,male,55GPW1,Honda,Element
180454,72,67,green,blue,female,66NJK3,Honda,Odyssey
180661,46,64,brown,blue,male,57W7W7,Infiniti,FX
180672,53,50,brown,blue,female,4320ZM,Lexus,ES
180747,74,66,brown,blonde,female,273GQW,GMC,Envoy XL
180772,60,59,green,red,male,38FXXF,Dodge,Challenger
180952,64,76,green,red,female,3D1UUM,Nissan,Altima
181031,30,65,green,blonde,male,1DE2RG,Ford,Th!nk
181038,83,82,blue,grey,male,2NMF5O,Lexus,GS
181089,74,80,green,green,female,G0UC7Q,Isuzu,Rodeo
181122,25,71,blue,green,female,481IMJ,Dodge,Ram 1500 Club
181127,32,68,blue,blonde,female,IX44CO,Lincoln,Town Car
181202,82,65,amber,red,female,20LE34,Chevrolet,Express 2500
181274,32,78,brown,grey,male,ZX2075,Honda,CR-V
181291,22,78,green,blue,female,H864YT,Lincoln,MKT
181359,47,50,black,brown,male,QU7T23,GMC,Acadia
181528,28,82,blue,black,male,VAL0W6,Oldsmobile,Alero
181538,40,53,black,grey,female,258XD5,Buick,Rendezvous
181558,71,78,blue,white,female,P2QI61,Toyota,Yaris
181622,32,67,green,red,male,46ABPN,Acura,RDX
181690,85,81,brown,white,female,X040S2,BMW,525
181777,74,69,green,white,male,O6E05G,Chevrolet,Aveo
181825,82,52,green,blonde,female,2U183Q,Chevrolet,Cobalt SS
181895,82,65,brown,red,female,84460H,Nissan,Maxima
182061,40,58,amber,grey,male,81CAQX,Cadillac,DTS
182149,50,55,black,blonde,male,M2E35A,Pontiac,Grand Am
182158,59,79,amber,blonde,female,N3U2X7,Subaru,Impreza
182187,80,54,green,red,male,UCU8ZN,Audi,Q5
182298,34,62,green,red,female,Z8YAWW,Isuzu,Rodeo
182420,61,60,blue,red,male,1Q53A3,Chevrolet,Metro
182515,75,76,brown,green,male,00J2W7,Saab,9-2X
182686,29,69,blue,white,female,P684BT,HUMMER,H2
182774,25,67,black,brown,male,AZL0UW,Audi,Allroad
182885,57,80,brown,white,female,M16VOX,Mercedes-Benz,E-Class
183024,27,64,amber,white,female,104J11,Chevrolet,Cobalt SS
183061,41,68,green,red,male,IQ2MZC,Mazda,Protege
183096,50,59,blue,grey,male,8P823T,Acura,MDX
183245,22,57,brown,blonde,male,WIK6B7,Mitsubishi,Montero
183340,64,54,blue,blonde,female,8TNO06,Ford,Five Hundred
183427,29,62,blue,blue,female,R1YWMV,Buick,Skylark
183439,89,61,blue,blue,female,7IZ6F2,Spyker,C8 Laviolette
183555,88,82,amber,white,female,015XE3,Chrysler,Cirrus
183602,77,72,black,blue,female,6474U7,Dodge,Caravan
183671,40,60,amber,black,female,3L515J,Jaguar,XK Series
183779,21,65,blue,blonde,female,H42W0X,Toyota,Prius
183883,68,63,black,blue,female,0Q85SC,Toyota,Land Cruiser
183898,79,55,amber,green,male,52UFW0,Buick,Lucerne
183956,26,75,black,green,male,W553OO,Chevrolet,Suburban 1500
184274,63,79,blue,blonde,male,Z54HUP,Hyundai,Tiburon
184346,43,63,amber,blue,male,MA3ZF8,Mercedes-Benz,CL-Class
184401,73,71,black,blue,male,E53R23,Land Rover,LR2
184529,57,59,amber,blonde,female,UQKAUR,Chevrolet,Metro
184532,77,70,green,grey,female,54Y7JE,Audi,Allroad
184557,23,68,green,blue,female,O31SO6,Mazda,Mazda6
184605,77,77,brown,white,male,FGYKVJ,Acura,RDX
184652,23,70,blue,red,male,M61Q01,Lincoln,MKX
184655,68,81,black,white,female,FPRCF7,Volkswagen,Jetta
184665,66,57,brown,green,female,BZH715,BMW,X5 M
184777,65,64,black,black,male,0HNY7G,Mercedes-Benz,G55 AMG
184852,52,73,amber,green,female,L10XBO,BMW,330
184885,73,81,blue,green,male,15NW1P,Honda,Element
184965,63,70,black,brown,male,75K68Y,BMW,6 Series
185004,86,60,green,white,female,SU0G04,Audi,A4
185077,51,72,amber,white,male,O05YEF,Nissan,Rogue
185100,72,68,amber,white,female,7HSOQ7,Honda,Passport
185184,45,65,brown,brown,male,60PX42,Chevrolet,Trailblazer
185205,85,67,blue,blue,female,W7X805,Honda,Civic
185367,23,55,brown,blonde,female,3XMB4R,Land Rover,LR2
185608,71,76,brown,grey,female,3G0W40,Pontiac,Vibe
185669,26,50,brown,green,male,8K3QSO,Nissan,Rogue
185981,60,66,blue,green,male,3ELJF3,Mercedes-Benz,SLK-Class
186067,50,76,black,blue,female,6TZGOJ,Lexus,ES
186478,30,69,black,green,female,B8F1F3,Mercedes-Benz,CLS-Class
186503,52,53,blue,brown,female,M0J7O0,Mercury,Sable
186633,21,68,green,green,female,4C8411,Toyota,Camry Hybrid
186636,86,53,blue,red,male,LI4DZD,Volkswagen,Jetta
186717,72,50,green,grey,female,ZD4V2T,Ford,Taurus
186866,28,65,blue,black,male,JHDO8D,Ford,F-Series Super Duty
187074,51,65,green,blonde,male,71W7Z8,Ford,F250
187163,62,65,brown,blonde,female,57X6N5,Mercedes-Benz,S-Class
187240,33,73,black,red,female,K863XY,Buick,Enclave
187284,73,59,amber,green,female,5TNRRS,Hyundai,Sonata
187323,57,61,brown,blue,female,O4322Q,Volkswagen,GTI
187338,77,56,brown,green,male,463INV,Dodge,Grand Caravan
187507,89,70,blue,green,male,716HZ2,Kia,Sorento
187586,35,69,blue,blonde,female,4R0PZ0,Cadillac,Escalade
187595,26,67,amber,black,male,23JG23,Mercedes-Benz,SLS AMG
187653,71,73,brown,blonde,male,71XW80,HUMMER,H1
187680,77,59,blue,black,male,155QHO,Land Rover,Discovery
187981,28,54,amber,blonde,female,M34K30,GMC,Yukon XL 1500
188173,48,67,black,brown,female,UIMN3Y,Nissan,Maxima
188198,74,71,blue,white,female,VNRW57,Dodge,Caravan
188235,89,77,green,blonde,male,B3IZEU,Mercedes-Benz,CL65 AMG
188663,29,68,brown,blue,female,TD45FM,Toyota,Avalon
188697,55,50,black,white,male,TO5N8M,Volkswagen,Cabriolet
188785,27,50,amber,blue,male,036ND7,Buick,Lucerne
188814,63,50,blue,white,male,1JH522,Honda,Civic
189131,89,79,green,white,female,74T56J,Kia,Optima
189149,66,74,blue,white,female,606JT8,Isuzu,i-280
189336,48,58,amber,green,female,1H2QPA,Nissan,Sentra
189545,41,70,blue,grey,male,365I42,GMC,3500
189658,66,72,blue,white,female,UDCLEO,Lexus,GX
189671,71,61,brown,green,female,IH52F7,Pontiac,Trans Sport
189720,70,71,black,black,female,4M64A0,Audi,S8
189766,25,57,black,white,female,36LGS4,Infiniti,M
189847,65,63,blue,blue,female,210XFT,Ford,Fusion
189869,24,69,green,green,male,AVN7W6,Cadillac,Escalade
189880,67,60,blue,blonde,male,SQQL2Z,Infiniti,QX
190176,75,56,green,red,male,S54EME,Lexus,LX
190471,56,75,black,grey,female,61340,Chevrolet,Suburban 1500
190490,86,68,black,green,male,2MP6VV,Suzuki,Esteem
190764,72,65,blue,green,male,67R878,Nissan,Altima
190873,36,52,black,red,male,7MF4SB,Buick,Park Avenue
190944,65,76,brown,black,male,E6Z8GF,Dodge,Grand Caravan
190950,40,78,green,blue,female,A0Q600,Dodge,Caravan
191020,32,74,blue,white,male,N3GO8W,Dodge,Ram Van 3500
191113,68,63,black,green,male,MW64G6,BMW,X5 M
191141,26,64,black,brown,female,O3X68P,Jeep,Grand Cherokee
191165,24,79,green,black,male,PU666C,Mercedes-Benz,G-Class
191218,83,77,green,red,female,387I22,Chevrolet,Malibu
191261,44,65,black,black,male,W4IT26,Volkswagen,Tiguan
191302,36,69,green,red,male,M2A561,GMC,Yukon
191405,36,74,black,red,female,S0246P,Ford,E-Series
191723,82,72,green,white,male,400DO5,Cadillac,Escalade
191726,86,57,green,white,male,340KFS,Chrysler,Sebring
192142,29,56,brown,blue,female,3O35V5,Dodge,Caravan
192226,87,64,black,black,male,6PI85Y,Hyundai,Sonata
192232,19,60,green,red,female,M37068,GMC,Sierra 2500
192294,55,58,black,brown,female,04MZ10,GMC,Yukon XL 2500
